{"count":1,"self":237.28143359999999,"total":283.0124611,"children":{"InitializeActuators":{"count":8,"self":0.0013078999999999999,"total":0.0013078999999999999,"children":null},"InitializeSensors":{"count":8,"self":0.0025280999999999997,"total":0.0025280999999999997,"children":null},"AgentSendState":{"count":13809,"self":0.072668799999999992,"total":3.9458298999999997,"children":{"CollectObservations":{"count":11048,"self":3.8326719999999996,"total":3.8326719999999996,"children":null},"WriteActionMask":{"count":11048,"self":0.0086458,"total":0.0086458,"children":null},"RequestDecision":{"count":11048,"self":0.0318433,"total":0.0318433,"children":null}}},"DecideAction":{"count":13809,"self":5.53782,"total":5.5378200999999994,"children":null},"AgentAct":{"count":13809,"self":36.242543999999995,"total":36.2425425,"children":null}},"gauges":{"HiderAI.CumulativeReward":{"count":329,"max":292.500763,"min":-259.500061,"runningAverage":-79.51406,"value":-73.89999,"weightedAverage":-49.80804}},"metadata":{"timer_format_version":"0.1.0","start_time_seconds":"1743625575","unity_version":"2022.3.58f1","command_line_arguments":"G:\\unity\\installs\\2022.3.58f1\\Editor\\Unity.exe -projectpath E:\\unity projects github\\AIprophunt -useHub -hubIPC -cloudEnvironment production -licensingIpc LicenseClient-vishw -hubSessionId e842cdd1-9386-401e-9b35-892aa28c322c -accessToken N7C1YbBVcF1W4TGmavneSivbrQm5J3pqR1M3QfOwwT000cf","communication_protocol_version":"1.5.0","com.unity.ml-agents_version":"2.0.1","scene_name":"simple scene","end_time_seconds":"1743625858"}}