{"count":1,"self":2257.4882816,"total":3880.0197912999997,"children":{"InitializeActuators":{"count":1,"self":0.0025134999999999997,"total":0.0025134999999999997,"children":null},"InitializeSensors":{"count":1,"self":0.0015095999999999998,"total":0.0015095999999999998,"children":null},"AgentSendState":{"count":2017051,"self":2.7625028,"total":30.108304399999998,"children":{"CollectObservations":{"count":201706,"self":22.739195199999997,"total":22.739195,"children":null},"WriteActionMask":{"count":201706,"self":0.1862718,"total":0.1862718,"children":null},"RequestDecision":{"count":201706,"self":1.0125701,"total":4.4203347,"children":{"AgentInfo.ToProto":{"count":201706,"self":1.1172843,"total":3.4077645999999997,"children":{"GenerateSensorData":{"count":201706,"self":2.2904804,"total":2.2904803,"children":null}}}}}}},"DecideAction":{"count":2017051,"self":1359.3923584,"total":1359.3923341,"children":null},"AgentAct":{"count":2017051,"self":232.89643519999998,"total":233.0139974,"children":{"AgentInfo.ToProto":{"count":9913,"self":0.030666099999999998,"total":0.11756159999999999,"children":{"GenerateSensorData":{"count":9913,"self":0.0868955,"total":0.0868955,"children":null}}}}},"AgentInfo.ToProto":{"count":378,"self":0.0058373999999999995,"total":0.011856799999999999,"children":{"GenerateSensorData":{"count":378,"self":0.0060193999999999994,"total":0.0060193999999999994,"children":null}}}},"gauges":{"HiderAI.CumulativeReward":{"count":10291,"max":10.0001335,"min":-792.4907,"runningAverage":-40.6891975,"value":-1.99,"weightedAverage":-1.60788774}},"metadata":{"timer_format_version":"0.1.0","start_time_seconds":"1743602389","unity_version":"2022.3.58f1","command_line_arguments":"G:\\unity\\installs\\2022.3.58f1\\Editor\\Unity.exe -projectpath E:\\unity projects github\\AIprophunt -useHub -hubIPC -cloudEnvironment production -licensingIpc LicenseClient-vishw -hubSessionId e842cdd1-9386-401e-9b35-892aa28c322c -accessToken N7C1YbBVcF1W4TGmavneSivbrQm5J3pqR1M3QfOwwT000cf","communication_protocol_version":"1.5.0","com.unity.ml-agents_version":"2.0.1","scene_name":"simple scene","end_time_seconds":"1743606269"}}